Engine Name	Listing Title	Meta Title	URL Slug	Compatible Models	Distinguishing Fact	Application FAQ	Used Price (£)	Recon Price (£)	SKU	Price Basis															
BMW B37	Reconditioned BMW B37 Engine — X1 F48 (sDrive16d) SUV 2015-2022	B37 F48 sDrive16d Recon	b37/bmw-x1-f48-sdrive16d-suv-2015-recon	X1 SUV (F48) 2015-2022 — sDrive16d (116 hp)	Transverse-mounted B37C15U0 for the first-generation UKL-platform X1 — the compact SUV application.	Will an X1 B37 fit my MINI Countryman? — Possibly, as both use the UKL platform, but confirm engine code and ECU compatibility before purchase.	—	£3,105	B37-RECON-F48-SDRIVE16D-SUV	Group 4 base £2,700 × 1.15 = £3,105 (high output)			
BMW B37	Used BMW B37 Engine — X1 F48 (sDrive18d) SUV 2015-2022	B37 F48 sDrive18d Used	b37/bmw-x1-f48-sdrive18d-suv-2015	X1 SUV (F48) 2015-2022 — sDrive18d (116 hp)	Transverse-mounted B37C15U0 for the first-generation UKL-platform X1 — the compact SUV application.	Will an X1 B37 fit my MINI Countryman? — Possibly, as both use the UKL platform, but confirm engine code and ECU compatibility before purchase.	£2,185	£3,105	B37-USED-F48-SDRIVE18D-SUV	Group 4 base £1,900 × 1.15 = £2,185 (high output)			
BMW B37	Reconditioned BMW B37 Engine — X1 F48 (sDrive18d) SUV 2015-2022	B37 F48 sDrive18d Recon	b37/bmw-x1-f48-sdrive18d-suv-2015-recon	X1 SUV (F48) 2015-2022 — sDrive18d (116 hp)	Transverse-mounted B37C15U0 for the first-generation UKL-platform X1 — the compact SUV application.	Will an X1 B37 fit my MINI Countryman? — Possibly, as both use the UKL platform, but confirm engine code and ECU compatibility before purchase.	—	£3,105	B37-RECON-F48-SDRIVE18D-SUV	Group 4 base £2,700 × 1.15 = £3,105 (high output)			
MW B38	Used BMW B38 Engine — 1 Series F20 (116i) Hatchback 2015-2019	B38 F20 116i Used	b38/bmw-1-series-f20-116i-hatchback-2015	1 Series Hatchback (F20) 2015-2019 — 116i (109 hp)	Longitudinal B38 in 1 Series (F20/F21) and 2 Series (F22/F23/F44) and 3 Series (F30 LCI), replacing N13 from 2015.	Does the F30 318i use the same B38 as the F20 118i? — Yes, both use the B38A15 architecture with longitudinal mounting; output varies by tune (116i 109hp, 118i 136hp, 318i 136hp). Verify by VIN.	£1,705	£2,340	B38-USED-F20-116I-HATCH	Group 1 base £1,895 × 0.90 = £1,705 (low output)			
BMW B38	Reconditioned BMW B38 Engine — 1 Series F20 (116i) Hatchback 2015-2019	B38 F20 116i Recon	b38/bmw-1-series-f20-116i-hatchback-2015-recon	1 Series Hatchback (F20) 2015-2019 — 116i (109 hp)	Longitudinal B38 in 1 Series (F20/F21) and 2 Series (F22/F23/F44) and 3 Series (F30 LCI), replacing N13 from 2015.	Does the F30 318i use the same B38 as the F20 118i? — Yes, both use the B38A15 architecture with longitudinal mounting; output varies by tune (116i 109hp, 118i 136hp, 318i 136hp). Verify by VIN.	—	£2,340	B38-RECON-F20-116I-HATCH	Group 1 base £2,600 × 0.90 = £2,340 (low output)			
BMW B38	Used BMW B38 Engine — 1 Series F20 (118i) Hatchback 2015-2019	B38 F20 118i Used	b38/bmw-1-series-f20-118i-hatchback-2015	1 Series Hatchback (F20) 2015-2019 — 118i (136 hp)	Longitudinal B38 in 1 Series (F20/F21) and 2 Series (F22/F23/F44) and 3 Series (F30 LCI), replacing N13 from 2015.	Does the F30 318i use the same B38 as the F20 118i? — Yes, both use the B38A15 architecture with longitudinal mounting; output varies by tune (116i 109hp, 118i 136hp, 318i 136hp). Verify by VIN.	£1,705	£2,340	B38-USED-F20-118I-HATCH	Group 1 base £1,895 × 0.90 = £1,705 (low output)			
BMW B38	Reconditioned BMW B38 Engine — 1 Series F20 (118i) Hatchback 2015-2019	B38 F20 118i Recon	b38/bmw-1-series-f20-118i-hatchback-2015-recon	1 Series Hatchback (F20) 2015-2019 — 118i (136 hp)	Longitudinal B38 in 1 Series (F20/F21) and 2 Series (F22/F23/F44) and 3 Series (F30 LCI), replacing N13 from 2015.	Does the F30 318i use the same B38 as the F20 118i? — Yes, both use the B38A15 architecture with longitudinal mounting; output varies by tune (116i 109hp, 118i 136hp, 318i 136hp). Verify by VIN.	—	£2,340	B38-RECON-F20-118I-HATCH	Group 1 base £2,600 × 0.90 = £2,340 (low output)			
BMW B38	Used BMW B38 Engine — 1 Series F21 (116i) Hatchback 2015-2019	B38 F21 116i Used	b38/bmw-1-series-f21-116i-hatchback-2015	1 Series Hatchback (F21) 2015-2019 — 116i (109 hp)	Longitudinal B38 in 1 Series (F20/F21) and 2 Series (F22/F23/F44) and 3 Series (F30 LCI), replacing N13 from 2015.	Does the F30 318i use the same B38 as the F20 118i? — Yes, both use the B38A15 architecture with longitudinal mounting; output varies by tune (116i 109hp, 118i 136hp, 318i 136hp). Verify by VIN.	£1,705	£2,340	B38-USED-F21-116I-HATCH	Group 1 base £1,895 × 0.90 = £1,705 (low output)			
BMW B38	Reconditioned BMW B38 Engine — 1 Series F21 (116i) Hatchback 2015-2019	B38 F21 116i Recon	b38/bmw-1-series-f21-116i-hatchback-2015-recon	1 Series Hatchback (F21) 2015-2019 — 116i (109 hp)	Longitudinal B38 in 1 Series (F20/F21) and 2 Series (F22/F23/F44) and 3 Series (F30 LCI), replacing N13 from 2015.	Does the F30 318i use the same B38 as the F20 118i? — Yes, both use the B38A15 architecture with longitudinal mounting; output varies by tune (116i 109hp, 118i 136hp, 318i 136hp). Verify by VIN.	—	£2,340	B38-RECON-F21-116I-HATCH	Group 1 base £2,600 × 0.90 = £2,340 (low output)			
BMW B38	Used BMW B38 Engine — 1 Series F21 (118i) Hatchback 2015-2019	B38 F21 118i Used	b38/bmw-1-series-f21-118i-hatchback-2015	1 Series Hatchback (F21) 2015-2019 — 118i (136 hp)	Longitudinal B38 in 1 Series (F20/F21) and 2 Series (F22/F23/F44) and 3 Series (F30 LCI), replacing N13 from 2015.	Does the F30 318i use the same B38 as the F20 118i? — Yes, both use the B38A15 architecture with longitudinal mounting; output varies by tune (116i 109hp, 118i 136hp, 318i 136hp). Verify by VIN.	£1,705	£2,340	B38-USED-F21-118I-HATCH	Group 1 base £1,895 × 0.90 = £1,705 (low output)			
BMW B38	Reconditioned BMW B38 Engine — 1 Series F21 (118i) Hatchback 2015-2019	B38 F21 118i Recon	b38/bmw-1-series-f21-118i-hatchback-2015-recon	1 Series Hatchback (F21) 2015-2019 — 118i (136 hp)	Longitudinal B38 in 1 Series (F20/F21) and 2 Series (F22/F23/F44) and 3 Series (F30 LCI), replacing N13 from 2015.	Does the F30 318i use the same B38 as the F20 118i? — Yes, both use the B38A15 architecture with longitudinal mounting; output varies by tune (116i 109hp, 118i 136hp, 318i 136hp). Verify by VIN.	—	£2,340	B38-RECON-F21-118I-HATCH	Group 1 base £2,600 × 0.90 = £2,340 (low output)			
BMW B38	Used BMW B38 Engine — 1 Series F40 (116i) Hatchback 2019-present	B38 F40 116i Used	b38/bmw-1-series-f40-116i-hatchback-2019	1 Series Hatchback (F40) 2019-present — 116i (109 hp)	Longitudinal B38 in 1 Series (F20/F21) and 2 Series (F22/F23/F44) and 3 Series (F30 LCI), replacing N13 from 2015.	Does the F30 318i use the same B38 as the F20 118i? — Yes, both use the B38A15 architecture with longitudinal mounting; output varies by tune (116i 109hp, 118i 136hp, 318i 136hp). Verify by VIN.	£1,705	£2,340	B38-USED-F40-116I-HATCH	Group 1 base £1,895 × 0.90 = £1,705 (low output)			
BMW B38	Reconditioned BMW B38 Engine — 1 Series F40 (116i) Hatchback 2019-present	B38 F40 116i Recon	b38/bmw-1-series-f40-116i-hatchback-2019-recon	1 Series Hatchback (F40) 2019-present — 116i (109 hp)	Longitudinal B38 in 1 Series (F20/F21) and 2 Series (F22/F23/F44) and 3 Series (F30 LCI), replacing N13 from 2015.	Does the F30 318i use the same B38 as the F20 118i? — Yes, both use the B38A15 architecture with longitudinal mounting; output varies by tune (116i 109hp, 118i 136hp, 318i 136hp). Verify by VIN.	—	£2,340	B38-RECON-F40-116I-HATCH	Group 1 base £2,600 × 0.90 = £2,340 (low output)			
BMW B38	Used BMW B38 Engine — 1 Series F40 (118i) Hatchback 2019-present	B38 F40 118i Used	b38/bmw-1-series-f40-118i-hatchback-2019	1 Series Hatchback (F40) 2019-present — 118i (136 hp)	Longitudinal B38 in 1 Series (F20/F21) and 2 Series (F22/F23/F44) and 3 Series (F30 LCI), replacing N13 from 2015.	Does the F30 318i use the same B38 as the F20 118i? — Yes, both use the B38A15 architecture with longitudinal mounting; output varies by tune (116i 109hp, 118i 136hp, 318i 136hp). Verify by VIN.	£1,705	£2,340	B38-USED-F40-118I-HATCH	Group 1 base £1,895 × 0.90 = £1,705 (low output)			
BMW B38	Reconditioned BMW B38 Engine — 1 Series F40 (118i) Hatchback 2019-present	B38 F40 118i Recon	b38/bmw-1-series-f40-118i-hatchback-2019-recon	1 Series Hatchback (F40) 2019-present — 118i (136 hp)	Longitudinal B38 in 1 Series (F20/F21) and 2 Series (F22/F23/F44) and 3 Series (F30 LCI), replacing N13 from 2015.	Does the F30 318i use the same B38 as the F20 118i? — Yes, both use the B38A15 architecture with longitudinal mounting; output varies by tune (116i 109hp, 118i 136hp, 318i 136hp). Verify by VIN.	—	£2,340	B38-RECON-F40-118I-HATCH	Group 1 base £2,600 × 0.90 = £2,340 (low output)			
BMW B38	Used BMW B38 Engine — 2 Series F22 (218i) Coupé 2015-2021	B38 F22 218i Used	b38/bmw-2-series-f22-218i-coupe-2015	2 Series Coupé (F22) 2015-2021 — 218i (136 hp)	Longitudinal B38 in 1 Series (F20/F21) and 2 Series (F22/F23/F44) and 3 Series (F30 LCI), replacing N13 from 2015.	Does the F30 318i use the same B38 as the F20 118i? — Yes, both use the B38A15 architecture with longitudinal mounting; output varies by tune (116i 109hp, 118i 136hp, 318i 136hp). Verify by VIN.	£1,705	£2,340	B38-USED-F22-218I-COUPE	Group 1 base £1,895 × 0.90 = £1,705 (low output)			
BMW B38	Reconditioned BMW B38 Engine — 2 Series F22 (218i) Coupé 2015-2021	B38 F22 218i Recon	b38/bmw-2-series-f22-218i-coupe-2015-recon	2 Series Coupé (F22) 2015-2021 — 218i (136 hp)	Longitudinal B38 in 1 Series (F20/F21) and 2 Series (F22/F23/F44) and 3 Series (F30 LCI), replacing N13 from 2015.	Does the F30 318i use the same B38 as the F20 118i? — Yes, both use the B38A15 architecture with longitudinal mounting; output varies by tune (116i 109hp, 118i 136hp, 318i 136hp). Verify by VIN.	—	£2,340	B38-RECON-F22-218I-COUPE	Group 1 base £2,600 × 0.90 = £2,340 (low output)			
BMW B38	Used BMW B38 Engine — 2 Series F23 (218i) Convertible 2015-2021	B38 F23 218i Used	b38/bmw-2-series-f23-218i-convertible-2015	2 Series Convertible (F23) 2015-2021 — 218i (136 hp)	Longitudinal B38 in 1 Series (F20/F21) and 2 Series (F22/F23/F44) and 3 Series (F30 LCI), replacing N13 from 2015.	Does the F30 318i use the same B38 as the F20 118i? — Yes, both use the B38A15 architecture with longitudinal mounting; output varies by tune (116i 109hp, 118i 136hp, 318i 136hp). Verify by VIN.	£1,705	£2,340	B38-USED-F23-218I-CONVERTIBLE	Group 1 base £1,895 × 0.90 = £1,705 (low output)			
BMW B38	Reconditioned BMW B38 Engine — 2 Series F23 (218i) Convertible 2015-2021	B38 F23 218i Recon	b38/bmw-2-series-f23-218i-convertible-2015-recon	2 Series Convertible (F23) 2015-2021 — 218i (136 hp)	Longitudinal B38 in 1 Series (F20/F21) and 2 Series (F22/F23/F44) and 3 Series (F30 LCI), replacing N13 from 2015.	Does the F30 318i use the same B38 as the F20 118i? — Yes, both use the B38A15 architecture with longitudinal mounting; output varies by tune (116i 109hp, 118i 136hp, 318i 136hp). Verify by VIN.	—	£2,340	B38-RECON-F23-218I-CONVERTIBLE	Group 1 base £2,600 × 0.90 = £2,340 (low output)			
BMW B38	Used BMW B38 Engine — 2 Series F44 (218i) Gran Coupé 2020-present	B38 F44 218i Used	b38/bmw-2-series-f44-218i-gran-coupe-2020	2 Series Gran Coupé (F44) 2020-present — 218i (136 hp)	Longitudinal B38 in 1 Series (F20/F21) and 2 Series (F22/F23/F44) and 3 Series (F30 LCI), replacing N13 from 2015.	Does the F30 318i use the same B38 as the F20 118i? — Yes, both use the B38A15 architecture with longitudinal mounting; output varies by tune (116i 109hp, 118i 136hp, 318i 136hp). Verify by VIN.	£1,705	£2,340	B38-USED-F44-218I-GRANCOUPE	Group 1 base £1,895 × 0.90 = £1,705 (low output)			
BMW B38	Reconditioned BMW B38 Engine — 2 Series F44 (218i) Gran Coupé 2020-present	B38 F44 218i Recon	b38/bmw-2-series-f44-218i-gran-coupe-2020-recon	2 Series Gran Coupé (F44) 2020-present — 218i (136 hp)	Longitudinal B38 in 1 Series (F20/F21) and 2 Series (F22/F23/F44) and 3 Series (F30 LCI), replacing N13 from 2015.	Does the F30 318i use the same B38 as the F20 118i? — Yes, both use the B38A15 architecture with longitudinal mounting; output varies by tune (116i 109hp, 118i 136hp, 318i 136hp). Verify by VIN.	—	£2,340	B38-RECON-F44-218I-GRANCOUPE	Group 1 base £2,600 × 0.90 = £2,340 (low output)			
BMW B38	Used BMW B38 Engine — 3 Series F30 (318i) Saloon 2015-2019	B38 F30 318i Used	b38/bmw-3-series-f30-318i-saloon-2015	3 Series Saloon (F30) 2015-2019 — 318i (136 hp)	Longitudinal B38 in 1 Series (F20/F21) and 2 Series (F22/F23/F44) and 3 Series (F30 LCI), replacing N13 from 2015.	Does the F30 318i use the same B38 as the F20 118i? — Yes, both use the B38A15 architecture with longitudinal mounting; output varies by tune (116i 109hp, 118i 136hp, 318i 136hp). Verify by VIN.	£1,705	£2,340	B38-USED-F30-318I-SALOON	Group 1 base £1,895 × 0.90 = £1,705 (low output)			
BMW B38	Reconditioned BMW B38 Engine — 3 Series F30 (318i) Saloon 2015-2019	B38 F30 318i Recon	b38/bmw-3-series-f30-318i-saloon-2015-recon	3 Series Saloon (F30) 2015-2019 — 318i (136 hp)	Longitudinal B38 in 1 Series (F20/F21) and 2 Series (F22/F23/F44) and 3 Series (F30 LCI), replacing N13 from 2015.	Does the F30 318i use the same B38 as the F20 118i? — Yes, both use the B38A15 architecture with longitudinal mounting; output varies by tune (116i 109hp, 118i 136hp, 318i 136hp). Verify by VIN.	—	£2,340	B38-RECON-F30-318I-SALOON	Group 1 base £2,600 × 0.90 = £2,340 (low output)			
BMW B38	Used BMW B38 Engine — 3 Series F31 (318i) Estate 2015-2019	B38 F31 318i Used	b38/bmw-3-series-f31-318i-estate-2015	3 Series Estate (F31) 2015-2019 — 318i (136 hp)	Longitudinal B38 in 1 Series (F20/F21) and 2 Series (F22/F23/F44) and 3 Series (F30 LCI), replacing N13 from 2015.	Does the F30 318i use the same B38 as the F20 118i? — Yes, both use the B38A15 architecture with longitudinal mounting; output varies by tune (116i 109hp, 118i 136hp, 318i 136hp). Verify by VIN.	£1,705	£2,340	B38-USED-F31-318I-ESTATE	Group 1 base £1,895 × 0.90 = £1,705 (low output)			
BMW B38	Reconditioned BMW B38 Engine — 3 Series F31 (318i) Estate 2015-2019	B38 F31 318i Recon	b38/bmw-3-series-f31-318i-estate-2015-recon	3 Series Estate (F31) 2015-2019 — 318i (136 hp)	Longitudinal B38 in 1 Series (F20/F21) and 2 Series (F22/F23/F44) and 3 Series (F30 LCI), replacing N13 from 2015.	Does the F30 318i use the same B38 as the F20 118i? — Yes, both use the B38A15 architecture with longitudinal mounting; output varies by tune (116i 109hp, 118i 136hp, 318i 136hp). Verify by VIN.	—	£2,340	B38-RECON-F31-318I-ESTATE	Group 1 base £2,600 × 0.90 = £2,340 (low output)			
BMW B38	Used BMW B38 Engine — X1 F48 (sDrive18i) SUV 2015-2022	B38 F48 sDrive18i Used	b38/bmw-x1-f48-sdrive18i-suv-2015	X1 SUV (F48) 2015-2022 — sDrive18i (136 hp)	The B38 in the X1 (F48/U11/U12) and X2 (F39/U10) is mounted longitudinally in an SUV chassis, offering the same 136 hp output as the 118i.	Does the X1 sDrive18i use the same engine as the 1 Series 118i? — Yes, both use the B38A15 architecture. The X1 application has different engine mounts and ancillaries for SUV fitment. Verify chassis code F48/U11/U12 or F39/U10.	£1,795	£2,430	B38-USED-F48-SDRIVE18I-SUV	Group 2 base £1,995 × 0.90 = £1,795 (low output)			
BMW B38	Reconditioned BMW B38 Engine — X1 F48 (sDrive18i) SUV 2015-2022	B38 F48 sDrive18i Recon	b38/bmw-x1-f48-sdrive18i-suv-2015-recon	X1 SUV (F48) 2015-2022 — sDrive18i (136 hp)	The B38 in the X1 (F48/U11/U12) and X2 (F39/U10) is mounted longitudinally in an SUV chassis, offering the same 136 hp output as the 118i.	Does the X1 sDrive18i use the same engine as the 1 Series 118i? — Yes, both use the B38A15 architecture. The X1 application has different engine mounts and ancillaries for SUV fitment. Verify chassis code F48/U11/U12 or F39/U10.	—	£2,430	B38-RECON-F48-SDRIVE18I-SUV	Group 2 base £2,700 × 0.90 = £2,430 (low output)			
BMW B38	Used BMW B38 Engine — X1 U11 (sDrive18i) SUV 2022-present	B38 U11 sDrive18i Used	b38/bmw-x1-u11-sdrive18i-suv-2022	X1 SUV (U11) 2022-present — sDrive18i (136 hp)	The B38 in the X1 (F48/U11/U12) and X2 (F39/U10) is mounted longitudinally in an SUV chassis, offering the same 136 hp output as the 118i.	Does the X1 sDrive18i use the same engine as the 1 Series 118i? — Yes, both use the B38A15 architecture. The X1 application has different engine mounts and ancillaries for SUV fitment. Verify chassis code F48/U11/U12 or F39/U10.	£1,795	£2,430	B38-USED-U11-SDRIVE18I-SUV	Group 2 base £1,995 × 0.90 = £1,795 (low output)			
BMW B38	Reconditioned BMW B38 Engine — X1 U11 (sDrive18i) SUV 2022-present	B38 U11 sDrive18i Recon	b38/bmw-x1-u11-sdrive18i-suv-2022-recon	X1 SUV (U11) 2022-present — sDrive18i (136 hp)	The B38 in the X1 (F48/U11/U12) and X2 (F39/U10) is mounted longitudinally in an SUV chassis, offering the same 136 hp output as the 118i.	Does the X1 sDrive18i use the same engine as the 1 Series 118i? — Yes, both use the B38A15 architecture. The X1 application has different engine mounts and ancillaries for SUV fitment. Verify chassis code F48/U11/U12 or F39/U10.	—	£2,430	B38-RECON-U11-SDRIVE18I-SUV	Group 2 base £2,700 × 0.90 = £2,430 (low output)			
BMW B38	Used BMW B38 Engine — X1 U12 (sDrive18i) SUV 2022-present	B38 U12 sDrive18i Used	b38/bmw-x1-u12-sdrive18i-suv-2022	X1 SUV (U12) 2022-present — sDrive18i (136 hp)	The B38 in the X1 (F48/U11/U12) and X2 (F39/U10) is mounted longitudinally in an SUV chassis, offering the same 136 hp output as the 118i.	Does the X1 sDrive18i use the same engine as the 1 Series 118i? — Yes, both use the B38A15 architecture. The X1 application has different engine mounts and ancillaries for SUV fitment. Verify chassis code F48/U11/U12 or F39/U10.	£1,795	£2,430	B38-USED-U12-SDRIVE18I-SUV	Group 2 base £1,995 × 0.90 = £1,795 (low output)			
BMW B38	Reconditioned BMW B38 Engine — X1 U12 (sDrive18i) SUV 2022-present	B38 U12 sDrive18i Recon	b38/bmw-x1-u12-sdrive18i-suv-2022-recon	X1 SUV (U12) 2022-present — sDrive18i (136 hp)	The B38 in the X1 (F48/U11/U12) and X2 (F39/U10) is mounted longitudinally in an SUV chassis, offering the same 136 hp output as the 118i.	Does the X1 sDrive18i use the same engine as the 1 Series 118i? — Yes, both use the B38A15 architecture. The X1 application has different engine mounts and ancillaries for SUV fitment. Verify chassis code F48/U11/U12 or F39/U10.	—	£2,430	B38-RECON-U12-SDRIVE18I-SUV	Group 2 base £2,700 × 0.90 = £2,430 (low output)			
BMW B38	Used BMW B38 Engine — X2 F39 (sDrive18i) SUV 2018-2023	B38 F39 sDrive18i Used	b38/bmw-x2-f39-sdrive18i-suv-2018	X2 SUV (F39) 2018-2023 — sDrive18i (136 hp)	The B38 in the X1 (F48/U11/U12) and X2 (F39/U10) is mounted longitudinally in an SUV chassis, offering the same 136 hp output as the 118i.	Does the X1 sDrive18i use the same engine as the 1 Series 118i? — Yes, both use the B38A15 architecture. The X1 application has different engine mounts and ancillaries for SUV fitment. Verify chassis code F48/U11/U12 or F39/U10.	£1,795	£2,430	B38-USED-F39-SDRIVE18I-SUV	Group 2 base £1,995 × 0.90 = £1,795 (low output)			
BMW B38	Reconditioned BMW B38 Engine — X2 F39 (sDrive18i) SUV 2018-2023	B38 F39 sDrive18i Recon	b38/bmw-x2-f39-sdrive18i-suv-2018-recon	X2 SUV (F39) 2018-2023 — sDrive18i (136 hp)	The B38 in the X1 (F48/U11/U12) and X2 (F39/U10) is mounted longitudinally in an SUV chassis, offering the same 136 hp output as the 118i.	Does the X1 sDrive18i use the same engine as the 1 Series 118i? — Yes, both use the B38A15 architecture. The X1 application has different engine mounts and ancillaries for SUV fitment. Verify chassis code F48/U11/U12 or F39/U10.	—	£2,430	B38-RECON-F39-SDRIVE18I-SUV	Group 2 base £2,700 × 0.90 = £2,430 (low output)			
BMW B38	Used BMW B38 Engine — X2 U10 (sDrive18i) SUV 2023-present	B38 U10 sDrive18i Used	b38/bmw-x2-u10-sdrive18i-suv-2023	X2 SUV (U10) 2023-present — sDrive18i (136 hp)	The B38 in the X1 (F48/U11/U12) and X2 (F39/U10) is mounted longitudinally in an SUV chassis, offering the same 136 hp output as the 118i.	Does the X1 sDrive18i use the same engine as the 1 Series 118i? — Yes, both use the B38A15 architecture. The X1 application has different engine mounts and ancillaries for SUV fitment. Verify chassis code F48/U11/U12 or F39/U10.	£1,795	£2,430	B38-USED-U10-SDRIVE18I-SUV	Group 2 base £1,995 × 0.90 = £1,795 (low output)			
BMW B38	Reconditioned BMW B38 Engine — X2 U10 (sDrive18i) SUV 2023-present	B38 U10 sDrive18i Recon	b38/bmw-x2-u10-sdrive18i-suv-2023-recon	X2 SUV (U10) 2023-present — sDrive18i (136 hp)	The B38 in the X1 (F48/U11/U12) and X2 (F39/U10) is mounted longitudinally in an SUV chassis, offering the same 136 hp output as the 118i.	Does the X1 sDrive18i use the same engine as the 1 Series 118i? — Yes, both use the B38A15 architecture. The X1 application has different engine mounts and ancillaries for SUV fitment. Verify chassis code F48/U11/U12 or F39/U10.	—	£2,430	B38-RECON-U10-SDRIVE18I-SUV	Group 2 base £2,700 × 0.90 = £2,430 (low output)			
BMW B38	Used BMW B38 Engine — 2 Series Active Tourer F45 (218i) MPV 2014-2021	B38 F45 218i Used	b38/bmw-2-series-active-tourer-f45-218i-mpv-2014	2 Series Active Tourer (F45) 2014-2021 — 218i (136 hp)	The B38 in the 2 Series Active Tourer (F45) and Gran Tourer (F46) is mounted transversely in BMW's first front-wheel-drive MPV platforms.	Does the Active Tourer B38 fit a 1 Series? — No — the Active Tourer uses transverse mounting; the 1 Series uses longitudinal mounting. The engine architecture is the same, but sump, mounts, and ancillaries differ. Verify chassis code F45/F46.	£1,705	£2,340	B38-USED-F45-218I-MPV	Group 3 base £1,895 × 0.90 = £1,705 (low output)			
BMW B38	Reconditioned BMW B38 Engine — 2 Series Active Tourer F45 (218i) MPV 2014-2021	B38 F45 218i Recon	b38/bmw-2-series-active-tourer-f45-218i-mpv-2014-recon	2 Series Active Tourer (F45) 2014-2021 — 218i (136 hp)	The B38 in the 2 Series Active Tourer (F45) and Gran Tourer (F46) is mounted transversely in BMW's first front-wheel-drive MPV platforms.	Does the Active Tourer B38 fit a 1 Series? — No — the Active Tourer uses transverse mounting; the 1 Series uses longitudinal mounting. The engine architecture is the same, but sump, mounts, and ancillaries differ. Verify chassis code F45/F46.	—	£2,340	B38-RECON-F45-218I-MPV	Group 3 base £2,600 × 0.90 = £2,340 (low output)			
BMW B38	Used BMW B38 Engine — 2 Series Gran Tourer F46 (218i) MPV 2015-2022	B38 F46 218i Used	b38/bmw-2-series-gran-tourer-f46-218i-mpv-2015	2 Series Gran Tourer (F46) 2015-2022 — 218i (136 hp)	The B38 in the 2 Series Active Tourer (F45) and Gran Tourer (F46) is mounted transversely in BMW's first front-wheel-drive MPV platforms.	Does the Active Tourer B38 fit a 1 Series? — No — the Active Tourer uses transverse mounting; the 1 Series uses longitudinal mounting. The engine architecture is the same, but sump, mounts, and ancillaries differ. Verify chassis code F45/F46.	£1,705	£2,340	B38-USED-F46-218I-MPV	Group 3 base £1,895 × 0.90 = £1,705 (low output)			
BMW B38	Reconditioned BMW B38 Engine — 2 Series Gran Tourer F46 (218i) MPV 2015-2022	B38 F46 218i Recon	b38/bmw-2-series-gran-tourer-f46-218i-mpv-2015-recon	2 Series Gran Tourer (F46) 2015-2022 — 218i (136 hp)	The B38 in the 2 Series Active Tourer (F45) and Gran Tourer (F46) is mounted transversely in BMW's first front-wheel-drive MPV platforms.	Does the Active Tourer B38 fit a 1 Series? — No — the Active Tourer uses transverse mounting; the 1 Series uses longitudinal mounting. The engine architecture is the same, but sump, mounts, and ancillaries differ. Verify chassis code F45/F46.	—	£2,340	B38-RECON-F46-218I-MPV	Group 3 base £2,600 × 0.90 = £2,340 (low output)			
BMW B38	Used BMW B38 Engine — i8 (I12) Coupé 2014-2020	B38 i8 Coupé Used	b38/bmw-i8-i12-coupe-2014	i8 Coupé (I12) 2014-2020 — i8 (228 hp)	The i8 uses the high-output B38K15T0 variant, mounted transversely as a mid-engine in BMW's hybrid sports car, producing 228 hp in combination with the electric motor.	Does the i8 use a standard B38 engine? — No — the i8 uses the high-output B38K15T0 variant with bespoke hybrid integration, cooling, and mounting. Standard B38 long-blocks are not compatible without significant modification. Verify i8-specific variant before ordering.	£3,680	£5,175	B38-USED-I12-I8-COUPE	Group 5 base £3,200 × 1.15 = £3,680 (high output)			
BMW B38	Reconditioned BMW B38 Engine — i8 (I12) Coupé 2014-2020	B38 i8 Coupé Recon	b38/bmw-i8-i12-coupe-2014-recon	i8 Coupé (I12) 2014-2020 — i8 (228 hp)	The i8 uses the high-output B38K15T0 variant, mounted transversely as a mid-engine in BMW's hybrid sports car, producing 228 hp in combination with the electric motor.	Does the i8 use a standard B38 engine? — No — the i8 uses the high-output B38K15T0 variant with bespoke hybrid integration, cooling, and mounting. Standard B38 long-blocks are not compatible without significant modification. Verify i8-specific variant before ordering.	—	£5,175	B38-RECON-I12-I8-COUPE	Group 5 base £4,500 × 1.15 = £5,175 (high output)			
BMW B38	Used BMW B38 Engine — i8 Roadster (I12) Convertible 2014-2020	B38 i8 Roadster Used	b38/bmw-i8-roadster-i12-convertible-2014	i8 Roadster (I12) 2014-2020 — i8 Roadster (228 hp)	The i8 uses the high-output B38K15T0 variant, mounted transversely as a mid-engine in BMW's hybrid sports car, producing 228 hp in combination with the electric motor.	Does the i8 use a standard B38 engine? — No — the i8 uses the high-output B38K15T0 variant with bespoke hybrid integration, cooling, and mounting. Standard B38 long-blocks are not compatible without significant modification. Verify i8-specific variant before ordering.	£3,680	£5,175	B38-USED-I12-I8-ROADSTER	Group 5 base £3,200 × 1.15 = £3,680 (high output)			
BMW B38	Reconditioned BMW B38 Engine — i8 Roadster (I12) Convertible 2014-2020	B38 i8 Roadster Recon	b38/bmw-i8-roadster-i12-convertible-2014-recon	i8 Roadster (I12) 2014-2020 — i8 Roadster (228 hp)	The i8 uses the high-output B38K15T0 variant, mounted transversely as a mid-engine in BMW's hybrid sports car, producing 228 hp in combination with the electric motor.	Does the i8 use a standard B38 engine? — No — the i8 uses the high-output B38K15T0 variant with bespoke hybrid integration, cooling, and mounting. Standard B38 long-blocks are not compatible without significant modification. Verify i8-specific variant before ordering.	—	£5,175	B38-RECON-I12-I8-ROADSTER	Group 5 base £4,500 × 1.15 = £5,175 (high output)			
BMW B38	Used BMW B38 Engine — 2 Series Active Tourer F45 (225xe) PHEV MPV 2014-2021	B38 F45 225xe Used	b38/bmw-2-series-active-tourer-f45-225xe-mpv-2014	2 Series Active Tourer (F45) 2014-2021 — 225xe Plug-In Hybrid (136 hp engine)	The 225xe Active Tourer uses the B38 with an electric motor integrated into the transverse drivetrain, offering plug-in hybrid capability.	Does the 225xe use a standard B38 engine? — The 225xe uses the B38 with hybrid-specific integration — electric motor, battery pack, and hybrid cooling systems. Verify 225xe variant before ordering standard B38 units.	£1,980	£2,700	B38-USED-F45-225XE-MPV	Group 6 base £2,200 × 0.90 = £1,980 (low output)			
BMW B38	Reconditioned BMW B38 Engine — 2 Series Active Tourer F45 (225xe) PHEV MPV 2014-2021	B38 F45 225xe Recon	b38/bmw-2-series-active-tourer-f45-225xe-mpv-2014-recon	2 Series Active Tourer (F45) 2014-2021 — 225xe Plug-In Hybrid (136 hp engine)	The 225xe Active Tourer uses the B38 with an electric motor integrated into the transverse drivetrain, offering plug-in hybrid capability.	Does the 225xe use a standard B38 engine? — The 225xe uses the B38 with hybrid-specific integration — electric motor, battery pack, and hybrid cooling systems. Verify 225xe variant before ordering standard B38 units.	—	£2,700	B38-RECON-F45-225XE-MPV	Group 6 base £3,000 × 0.90 = £2,700 (low output)			
BMW B47	Used BMW B47 Engine — 1 Series F20 (116d) Hatchback 2015-2019	B47 F20 116d Used	b47/bmw-1-series-f20-116d-hatchback-2015	1 Series Hatchback (F20) 2015-2019 — 116d (116 hp)	Longitudinal-mounted B47 for BMW's RWD-based compact models (1/2/3/4 Series). This is the UK's highest-volume B47 configuration.	Will a 3 Series B47 fit my 1 Series? — Yes, same longitudinal configuration, but confirm engine code and chassis compatibility.	£1,525	£2,245	B47-USED-COMPACT-F20-116D	Group 1 base £1,695 × 0.90 = £1,525 (low output)			
BMW B47	Reconditioned BMW B47 Engine — 1 Series F20 (116d) Hatchback 2015-2019	B47 F20 116d Recon	b47/bmw-1-series-f20-116d-hatchback-2015-recon	1 Series Hatchback (F20) 2015-2019 — 116d (116 hp)	Longitudinal-mounted B47 for BMW's RWD-based compact models (1/2/3/4 Series). This is the UK's highest-volume B47 configuration.	Will a 3 Series B47 fit my 1 Series? — Yes, same longitudinal configuration, but confirm engine code and chassis compatibility.	—	£2,245	B47-RECON-COMPACT-F20-116D	Group 1 base £2,495 × 0.90 = £2,245 (low output)			
BMW B47	Used BMW B47 Engine — 1 Series F20 (118d) Hatchback 2015-2019	B47 F20 118d Used	b47/bmw-1-series-f20-118d-hatchback-2015	1 Series Hatchback (F20) 2015-2019 — 118d (150 hp)	Longitudinal-mounted B47 for BMW's RWD-based compact models (1/2/3/4 Series). This is the UK's highest-volume B47 configuration.	Will a 3 Series B47 fit my 1 Series? — Yes, same longitudinal configuration, but confirm engine code and chassis compatibility.	£1,695	£2,495	B47-USED-COMPACT-F20-118D	Group 1 base £1,695 (standard output)			
BMW B47	Reconditioned BMW B47 Engine — 1 Series F20 (118d) Hatchback 2015-2019	B47 F20 118d Recon	b47/bmw-1-series-f20-118d-hatchback-2015-recon	1 Series Hatchback (F20) 2015-2019 — 118d (150 hp)	Longitudinal-mounted B47 for BMW's RWD-based compact models (1/2/3/4 Series). This is the UK's highest-volume B47 configuration.	Will a 3 Series B47 fit my 1 Series? — Yes, same longitudinal configuration, but confirm engine code and chassis compatibility.	—	£2,495	B47-RECON-COMPACT-F20-118D	Group 1 base £2,495 (standard output)			
BMW B47	Used BMW B47 Engine — 1 Series F20 (120d) Hatchback 2015-2019	B47 F20 120d Used	b47/bmw-1-series-f20-120d-hatchback-2015	1 Series Hatchback (F20) 2015-2019 — 120d (190 hp)	Longitudinal-mounted B47 for BMW's RWD-based compact models (1/2/3/4 Series). This is the UK's highest-volume B47 configuration.	Will a 3 Series B47 fit my 1 Series? — Yes, same longitudinal configuration, but confirm engine code and chassis compatibility.	£1,695	£2,495	B47-USED-COMPACT-F20-120D	Group 1 base £1,695 (standard output)			
BMW B47	Reconditioned BMW B47 Engine — 1 Series F20 (120d) Hatchback 2015-2019	B47 F20 120d Recon	b47/bmw-1-series-f20-120d-hatchback-2015-recon	1 Series Hatchback (F20) 2015-2019 — 120d (190 hp)	Longitudinal-mounted B47 for BMW's RWD-based compact models (1/2/3/4 Series). This is the UK's highest-volume B47 configuration.	Will a 3 Series B47 fit my 1 Series? — Yes, same longitudinal configuration, but confirm engine code and chassis compatibility.	—	£2,495	B47-RECON-COMPACT-F20-120D	Group 1 base £2,495 (standard output)			
BMW B47	Used BMW B47 Engine — 1 Series F21 (116d) Hatchback 2015-2019	B47 F21 116d Used	b47/bmw-1-series-f21-116d-hatchback-2015	1 Series Hatchback (F21) 2015-2019 — 116d (116 hp)	Longitudinal-mounted B47 for BMW's RWD-based compact models (1/2/3/4 Series). This is the UK's highest-volume B47 configuration.	Will a 3 Series B47 fit my 1 Series? — Yes, same longitudinal configuration, but confirm engine code and chassis compatibility.	£1,525	£2,245	B47-USED-COMPACT-F21-116D	Group 1 base £1,695 × 0.90 = £1,525 (low output)			
BMW B47	Reconditioned BMW B47 Engine — 1 Series F21 (116d) Hatchback 2015-2019	B47 F21 116d Recon	b47/bmw-1-series-f21-116d-hatchback-2015-recon	1 Series Hatchback (F21) 2015-2019 — 116d (116 hp)	Longitudinal-mounted B47 for BMW's RWD-based compact models (1/2/3/4 Series). This is the UK's highest-volume B47 configuration.	Will a 3 Series B47 fit my 1 Series? — Yes, same longitudinal configuration, but confirm engine code and chassis compatibility.	—	£2,245	B47-RECON-COMPACT-F21-116D	Group 1 base £2,495 × 0.90 = £2,245 (low output)			
BMW B47	Used BMW B47 Engine — 1 Series F21 (118d) Hatchback 2015-2019	B47 F21 118d Used	b47/bmw-1-series-f21-118d-hatchback-2015	1 Series Hatchback (F21) 2015-2019 — 118d (150 hp)	Longitudinal-mounted B47 for BMW's RWD-based compact models (1/2/3/4 Series). This is the UK's highest-volume B47 configuration.	Will a 3 Series B47 fit my 1 Series? — Yes, same longitudinal configuration, but confirm engine code and chassis compatibility.	£1,695	£2,495	B47-USED-COMPACT-F21-118D	Group 1 base £1,695 (standard output)			
BMW B47	Reconditioned BMW B47 Engine — 1 Series F21 (118d) Hatchback 2015-2019	B47 F21 118d Recon	b47/bmw-1-series-f21-118d-hatchback-2015-recon	1 Series Hatchback (F21) 2015-2019 — 118d (150 hp)	Longitudinal-mounted B47 for BMW's RWD-based compact models (1/2/3/4 Series). This is the UK's highest-volume B47 configuration.	Will a 3 Series B47 fit my 1 Series? — Yes, same longitudinal configuration, but confirm engine code and chassis compatibility.	—	£2,495	B47-RECON-COMPACT-F21-118D	Group 1 base £2,495 (standard output)			
BMW B47	Used BMW B47 Engine — 1 Series F21 (120d) Hatchback 2015-2019	B47 F21 120d Used	b47/bmw-1-series-f21-120d-hatchback-2015	1 Series Hatchback (F21) 2015-2019 — 120d (190 hp)	Longitudinal-mounted B47 for BMW's RWD-based compact models (1/2/3/4 Series). This is the UK's highest-volume B47 configuration.	Will a 3 Series B47 fit my 1 Series? — Yes, same longitudinal configuration, but confirm engine code and chassis compatibility.	£1,695	£2,495	B47-USED-COMPACT-F21-120D	Group 1 base £1,695 (standard output)			
BMW B47	Reconditioned BMW B47 Engine — 1 Series F21 (120d) Hatchback 2015-2019	B47 F21 120d Recon	b47/bmw-1-series-f21-120d-hatchback-2015-recon	1 Series Hatchback (F21) 2015-2019 — 120d (190 hp)	Longitudinal-mounted B47 for BMW's RWD-based compact models (1/2/3/4 Series). This is the UK's highest-volume B47 configuration.	Will a 3 Series B47 fit my 1 Series? — Yes, same longitudinal configuration, but confirm engine code and chassis compatibility.	—	£2,495	B47-RECON-COMPACT-F21-120D	Group 1 base £2,495 (standard output)			
BMW B47	Used BMW B47 Engine — 1 Series F40 (116d) Hatchback 2019-present	B47 F40 116d Used	b47/bmw-1-series-f40-116d-hatchback-2019	1 Series Hatchback (F40) 2019-present — 116d (116 hp)	Longitudinal-mounted B47 for BMW's RWD-based compact models (1/2/3/4 Series). This is the UK's highest-volume B47 configuration.	Will a 3 Series B47 fit my 1 Series? — Yes, same longitudinal configuration, but confirm engine code and chassis compatibility.	£1,525	£2,245	B47-USED-COMPACT-F40-116D	Group 1 base £1,695 × 0.90 = £1,525 (low output)			
BMW B47	Reconditioned BMW B47 Engine — 1 Series F40 (116d) Hatchback 2019-present	B47 F40 116d Recon	b47/bmw-1-series-f40-116d-hatchback-2019-recon	1 Series Hatchback (F40) 2019-present — 116d (116 hp)	Longitudinal-mounted B47 for BMW's RWD-based compact models (1/2/3/4 Series). This is the UK's highest-volume B47 configuration.	Will a 3 Series B47 fit my 1 Series? — Yes, same longitudinal configuration, but confirm engine code and chassis compatibility.	—	£2,245	B47-RECON-COMPACT-F40-116D	Group 1 base £2,495 × 0.90 = £2,245 (low output)			
BMW B47	Used BMW B47 Engine — 1 Series F40 (118d) Hatchback 2019-present	B47 F40 118d Used	b47/bmw-1-series-f40-118d-hatchback-2019	1 Series Hatchback (F40) 2019-present — 118d (150 hp)	Longitudinal-mounted B47 for BMW's RWD-based compact models (1/2/3/4 Series). This is the UK's highest-volume B47 configuration.	Will a 3 Series B47 fit my 1 Series? — Yes, same longitudinal configuration, but confirm engine code and chassis compatibility.	£1,695	£2,495	B47-USED-COMPACT-F40-118D	Group 1 base £1,695 (standard output)			
BMW B47	Reconditioned BMW B47 Engine — 1 Series F40 (118d) Hatchback 2019-present	B47 F40 118d Recon	b47/bmw-1-series-f40-118d-hatchback-2019-recon	1 Series Hatchback (F40) 2019-present — 118d (150 hp)	Longitudinal-mounted B47 for BMW's RWD-based compact models (1/2/3/4 Series). This is the UK's highest-volume B47 configuration.	Will a 3 Series B47 fit my 1 Series? — Yes, same longitudinal configuration, but confirm engine code and chassis compatibility.	—	£2,495	B47-RECON-COMPACT-F40-118D	Group 1 base £2,495 (standard output)			
BMW B47	Used BMW B47 Engine — 1 Series F40 (120d) Hatchback 2019-present	B47 F40 120d Used	b47/bmw-1-series-f40-120d-hatchback-2019	1 Series Hatchback (F40) 2019-present — 120d (190 hp)	Longitudinal-mounted B47 for BMW's RWD-based compact models (1/2/3/4 Series). This is the UK's highest-volume B47 configuration.	Will a 3 Series B47 fit my 1 Series? — Yes, same longitudinal configuration, but confirm engine code and chassis compatibility.	£1,695	£2,495	B47-USED-COMPACT-F40-120D	Group 1 base £1,695 (standard output)			
BMW B47	Reconditioned BMW B47 Engine — 1 Series F40 (120d) Hatchback 2019-present	B47 F40 120d Recon	b47/bmw-1-series-f40-120d-hatchback-2019-recon	1 Series Hatchback (F40) 2019-present — 120d (190 hp)	Longitudinal-mounted B47 for BMW's RWD-based compact models (1/2/3/4 Series). This is the UK's highest-volume B47 configuration.	Will a 3 Series B47 fit my 1 Series? — Yes, same longitudinal configuration, but confirm engine code and chassis compatibility.	—	£2,495	B47-RECON-COMPACT-F40-120D	Group 1 base £2,495 (standard output)			
BMW B47	Used BMW B47 Engine — 2 Series F22 (218d) Coupé 2014-2021	B47 F22 218d Used	b47/bmw-2-series-f22-218d-coupe-2014	2 Series Coupé (F22) 2014-2021 — 218d (150 hp)	Longitudinal-mounted B47 for BMW's RWD-based compact models (1/2/3/4 Series). This is the UK's highest-volume B47 configuration.	Will a 3 Series B47 fit my 1 Series? — Yes, same longitudinal configuration, but confirm engine code and chassis compatibility.	£1,695	£2,495	B47-USED-COMPACT-F22-218D	Group 1 base £1,695 (standard output)			
BMW B47	Reconditioned BMW B47 Engine — 2 Series F22 (218d) Coupé 2014-2021	B47 F22 218d Recon	b47/bmw-2-series-f22-218d-coupe-2014-recon	2 Series Coupé (F22) 2014-2021 — 218d (150 hp)	Longitudinal-mounted B47 for BMW's RWD-based compact models (1/2/3/4 Series). This is the UK's highest-volume B47 configuration.	Will a 3 Series B47 fit my 1 Series? — Yes, same longitudinal configuration, but confirm engine code and chassis compatibility.	—	£2,495	B47-RECON-COMPACT-F22-218D	Group 1 base £2,495 (standard output)			
BMW B47	Used BMW B47 Engine — 2 Series F22 (220d) Coupé 2014-2021	B47 F22 220d Used	b47/bmw-2-series-f22-220d-coupe-2014	2 Series Coupé (F22) 2014-2021 — 220d (190 hp)	Longitudinal-mounted B47 for BMW's RWD-based compact models (1/2/3/4 Series). This is the UK's highest-volume B47 configuration.	Will a 3 Series B47 fit my 1 Series? — Yes, same longitudinal configuration, but confirm engine code and chassis compatibility.	£1,695	£2,495	B47-USED-COMPACT-F22-220D	Group 1 base £1,695 (standard output)			
BMW B47	Reconditioned BMW B47 Engine — 2 Series F22 (220d) Coupé 2014-2021	B47 F22 220d Recon	b47/bmw-2-series-f22-220d-coupe-2014-recon	2 Series Coupé (F22) 2014-2021 — 220d (190 hp)	Longitudinal-mounted B47 for BMW's RWD-based compact models (1/2/3/4 Series). This is the UK's highest-volume B47 configuration.	Will a 3 Series B47 fit my 1 Series? — Yes, same longitudinal configuration, but confirm engine code and chassis compatibility.	—	£2,495	B47-RECON-COMPACT-F22-220D	Group 1 base £2,495 (standard output)			
BMW B47	Used BMW B47 Engine — 2 Series F22 (225d) Coupé 2014-2021	B47 F22 225d Used	b47/bmw-2-series-f22-225d-coupe-2014	2 Series Coupé (F22) 2014-2021 — 225d (231 hp)	Longitudinal-mounted B47 for BMW's RWD-based compact models (1/2/3/4 Series). This is the UK's highest-volume B47 configuration.	Will a 3 Series B47 fit my 1 Series? — Yes, same longitudinal configuration, but confirm engine code and chassis compatibility.	£1,950	£2,870	B47-USED-COMPACT-F22-225D	Group 1 base £1,695 × 1.15 = £1,950 (high output)			
BMW B47	Reconditioned BMW B47 Engine — 2 Series F22 (225d) Coupé 2014-2021	B47 F22 225d Recon	b47/bmw-2-series-f22-225d-coupe-2014-recon	2 Series Coupé (F22) 2014-2021 — 225d (231 hp)	Longitudinal-mounted B47 for BMW's RWD-based compact models (1/2/3/4 Series). This is the UK's highest-volume B47 configuration.	Will a 3 Series B47 fit my 1 Series? — Yes, same longitudinal configuration, but confirm engine code and chassis compatibility.	—	£2,870	B47-RECON-COMPACT-F22-225D	Group 1 base £2,495 × 1.15 = £2,870 (high output)			
BMW B47	Used BMW B47 Engine — 2 Series F23 (218d) Convertible 2014-2021	B47 F23 218d Used	b47/bmw-2-series-f23-218d-convertible-2014	2 Series Convertible (F23) 2014-2021 — 218d (150 hp)	Longitudinal-mounted B47 for BMW's RWD-based compact models (1/2/3/4 Series). This is the UK's highest-volume B47 configuration.	Will a 3 Series B47 fit my 1 Series? — Yes, same longitudinal configuration, but confirm engine code and chassis compatibility.	£1,695	£2,495	B47-USED-COMPACT-F23-218D	Group 1 base £1,695 (standard output)			
BMW B47	Reconditioned BMW B47 Engine — 2 Series F23 (218d) Convertible 2014-2021	B47 F23 218d Recon	b47/bmw-2-series-f23-218d-convertible-2014-recon	2 Series Convertible (F23) 2014-2021 — 218d (150 hp)	Longitudinal-mounted B47 for BMW's RWD-based compact models (1/2/3/4 Series). This is the UK's highest-volume B47 configuration.	Will a 3 Series B47 fit my 1 Series? — Yes, same longitudinal configuration, but confirm engine code and chassis compatibility.	—	£2,495	B47-RECON-COMPACT-F23-218D	Group 1 base £2,495 (standard output)			
BMW B47	Used BMW B47 Engine — 2 Series F23 (220d) Convertible 2014-2021	B47 F23 220d Used	b47/bmw-2-series-f23-220d-convertible-2014	2 Series Convertible (F23) 2014-2021 — 220d (190 hp)	Longitudinal-mounted B47 for BMW's RWD-based compact models (1/2/3/4 Series). This is the UK's highest-volume B47 configuration.	Will a 3 Series B47 fit my 1 Series? — Yes, same longitudinal configuration, but confirm engine code and chassis compatibility.	£1,695	£2,495	B47-USED-COMPACT-F23-220D	Group 1 base £1,695 (standard output)			
BMW B47	Reconditioned BMW B47 Engine — 2 Series F23 (220d) Convertible 2014-2021	B47 F23 220d Recon	b47/bmw-2-series-f23-220d-convertible-2014-recon	2 Series Convertible (F23) 2014-2021 — 220d (190 hp)	Longitudinal-mounted B47 for BMW's RWD-based compact models (1/2/3/4 Series). This is the UK's highest-volume B47 configuration.	Will a 3 Series B47 fit my 1 Series? — Yes, same longitudinal configuration, but confirm engine code and chassis compatibility.	—	£2,495	B47-RECON-COMPACT-F23-220D	Group 1 base £2,495 (standard output)			
BMW B47	Used BMW B47 Engine — 2 Series F23 (225d) Convertible 2014-2021	B47 F23 225d Used	b47/bmw-2-series-f23-225d-convertible-2014	2 Series Convertible (F23) 2014-2021 — 225d (231 hp)	Longitudinal-mounted B47 for BMW's RWD-based compact models (1/2/3/4 Series). This is the UK's highest-volume B47 configuration.	Will a 3 Series B47 fit my 1 Series? — Yes, same longitudinal configuration, but confirm engine code and chassis compatibility.	£1,950	£2,870	B47-USED-COMPACT-F23-225D	Group 1 base £1,695 × 1.15 = £1,950 (high output)			
BMW B47	Reconditioned BMW B47 Engine — 2 Series F23 (225d) Convertible 2014-2021	B47 F23 225d Recon	b47/bmw-2-series-f23-225d-convertible-2014-recon	2 Series Convertible (F23) 2014-2021 — 225d (231 hp)	Longitudinal-mounted B47 for BMW's RWD-based compact models (1/2/3/4 Series). This is the UK's highest-volume B47 configuration.	Will a 3 Series B47 fit my 1 Series? — Yes, same longitudinal configuration, but confirm engine code and chassis compatibility.	—	£2,870	B47-RECON-COMPACT-F23-225D	Group 1 base £2,495 × 1.15 = £2,870 (high output)			
BMW B47	Used BMW B47 Engine — 2 Series G42 (220d) Coupé 2021-present	B47 G42 220d Used	b47/bmw-2-series-g42-220d-coupe-2021	2 Series Coupé (G42) 2021-present — 220d (190 hp)	Longitudinal-mounted B47 for BMW's RWD-based compact models (1/2/3/4 Series). This is the UK's highest-volume B47 configuration.	Will a 3 Series B47 fit my 1 Series? — Yes, same longitudinal configuration, but confirm engine code and chassis compatibility.	£1,695	£2,495	B47-USED-COMPACT-G42-220D	Group 1 base £1,695 (standard output)			
BMW B47	Reconditioned BMW B47 Engine — 2 Series G42 (220d) Coupé 2021-present	B47 G42 220d Recon	b47/bmw-2-series-g42-220d-coupe-2021-recon	2 Series Coupé (G42) 2021-present — 220d (190 hp)	Longitudinal-mounted B47 for BMW's RWD-based compact models (1/2/3/4 Series). This is the UK's highest-volume B47 configuration.	Will a 3 Series B47 fit my 1 Series? — Yes, same longitudinal configuration, but confirm engine code and chassis compatibility.	—	£2,495	B47-RECON-COMPACT-G42-220D	Group 1 base £2,495 (standard output)			
BMW B47	Used BMW B47 Engine — 3 Series F30 (316d) Saloon 2015-2019	B47 F30 316d Used	b47/bmw-3-series-f30-316d-saloon-2015	3 Series Saloon (F30) 2015-2019 — 316d (116 hp)	Longitudinal-mounted B47 for BMW's RWD-based compact models (1/2/3/4 Series). This is the UK's highest-volume B47 configuration.	Will a 3 Series B47 fit my 1 Series? — Yes, same longitudinal configuration, but confirm engine code and chassis compatibility.	£1,525	£2,245	B47-USED-COMPACT-F30-316D	Group 1 base £1,695 × 0.90 = £1,525 (low output)			
BMW B47	Reconditioned BMW B47 Engine — 3 Series F30 (316d) Saloon 2015-2019	B47 F30 316d Recon	b47/bmw-3-series-f30-316d-saloon-2015-recon	3 Series Saloon (F30) 2015-2019 — 316d (116 hp)	Longitudinal-mounted B47 for BMW's RWD-based compact models (1/2/3/4 Series). This is the UK's highest-volume B47 configuration.	Will a 3 Series B47 fit my 1 Series? — Yes, same longitudinal configuration, but confirm engine code and chassis compatibility.	—	£2,245	B47-RECON-COMPACT-F30-316D	Group 1 base £2,495 × 0.90 = £2,245 (low output)			
BMW B47	Used BMW B47 Engine — 3 Series F30 (318d) Saloon 2015-2019	B47 F30 318d Used	b47/bmw-3-series-f30-318d-saloon-2015	3 Series Saloon (F30) 2015-2019 — 318d (150 hp)	Longitudinal-mounted B47 for BMW's RWD-based compact models (1/2/3/4 Series). This is the UK's highest-volume B47 configuration.	Will a 3 Series B47 fit my 1 Series? — Yes, same longitudinal configuration, but confirm engine code and chassis compatibility.	£1,695	£2,495	B47-USED-COMPACT-F30-318D	Group 1 base £1,695 (standard output)																										
																									
																									
																									
																									
																									
																									
																									
																									
																									
																									
																									
																									
																									
																									
																									
																									
																									
																									
																									
																									
																									
																									
																									